date,flag,core_score,core_phase,p1_1y,p2_1y,p3_1y,smh_weak,energy_rotation
2026-01-25,YELLOW,0.0,1,76.59,5.95,17.46,False,True
2026-01-26,YELLOW,0.0,1,76.59,5.95,17.46,False,True
2026-01-27,YELLOW,0.0,1,76.59,5.95,17.46,False,True
2026-01-28,YELLOW,0.0,1,76.59,5.95,17.46,False,True
2026-01-29,YELLOW,0.0,1,76.59,5.95,17.46,False,True
2026-01-30,YELLOW,0.0,1,76.59,5.95,17.46,False,True
2026-02-02,YELLOW,1.0,1,76.59,5.95,17.46,False,True
2026-02-03,YELLOW,1.0,1,76.59,5.95,17.46,False,True
2026-02-04,YELLOW,2.0,1,76.59,5.95,17.46,False,True
2026-02-05,YELLOW,3.0,1,76.59,5.95,17.46,False,True
2026-02-06,YELLOW,4.0,1,76.59,5.95,17.46,False,True
2026-02-09,YELLOW,4.0,2,76.19,6.35,17.46,False,True
2026-02-10,YELLOW,3.0,2,75.79,6.75,17.46,False,True
2026-02-11,YELLOW,3.0,2,75.4,7.14,17.46,False,True
2026-02-12,YELLOW,4.0,2,75.0,7.54,17.46,False,True
2026-02-13,YELLOW,5.0,2,74.6,7.94,17.46,False,True
2026-02-16,YELLOW,5.0,2,74.6,7.94,17.46,False,True
2026-02-17,YELLOW,6.0,2,74.21,8.33,17.46,False,True
2026-02-18,RED,6.0,3,73.81,8.33,17.86,False,True
2026-02-19,RED,6.0,3,73.41,8.33,18.25,False,True
2026-02-20,RED,5.0,3,73.02,8.33,18.65,False,True
2026-02-23,RED,5.0,3,72.62,8.33,19.05,False,True
2026-02-24,RED,4.0,3,72.22,8.33,19.44,False,True
2026-02-25,RED,3.0,3,71.83,8.33,19.84,False,True
2026-02-26,RED,3.0,3,71.83,8.33,19.84,False,True
2026-02-27,YELLOW,2.0,2,71.03,9.13,19.84,False,True
2026-03-02,YELLOW,3.0,2,70.63,9.52,19.84,False,True
2026-03-03,YELLOW,4.0,2,70.63,9.52,19.84,False,True
2026-03-04,YELLOW,4.0,2,70.63,9.52,19.84,False,True
2026-03-05,YELLOW,4.0,2,70.63,10.32,19.05,False,True
2026-03-06,YELLOW,4.0,2,70.63,10.32,19.05,False,True
2026-03-09,YELLOW,4.0,2,70.63,11.11,18.25,False,True
2026-03-10,YELLOW,4.0,2,70.63,11.51,17.86,False,True
2026-03-11,YELLOW,3.0,2,70.63,11.9,17.46,False,True
2026-03-12,YELLOW,4.0,2,70.63,12.3,17.06,False,True
2026-03-13,YELLOW,4.0,2,70.63,12.7,16.67,False,True
2026-03-16,YELLOW,5.0,2,70.63,13.1,16.27,False,True
2026-03-17,YELLOW,4.0,2,70.63,13.49,15.87,False,True
2026-03-18,YELLOW,5.0,2,70.63,13.89,15.48,False,True
2026-03-19,RED,6.0,3,70.63,13.89,15.48,False,True
2026-03-20,RED,7.0,3,70.63,13.89,15.48,False,True
2026-03-23,RED,7.0,3,70.63,13.89,15.48,False,True
2026-03-24,RED,8.0,3,70.63,13.89,15.48,False,True
2026-03-25,RED,8.0,3,70.63,13.89,15.48,False,True
2026-03-26,RED,9.0,3,70.63,13.89,15.48,False,True
2026-03-27,RED,9.0,3,70.63,13.89,15.48,False,True
2026-03-30,RED,9.0,3,70.63,13.49,15.87,False,True
2026-03-31,RED,9.0,3,70.63,13.1,16.27,False,True
2026-04-01,RED,8.0,3,70.63,12.7,16.67,False,True
2026-04-02,RED,7.0,3,70.63,12.7,16.67,False,True
2026-04-03,RED,7.0,3,70.63,12.7,16.67,False,True
2026-04-06,RED,6.0,3,70.63,12.7,16.67,False,True
2026-04-07,RED,6.0,3,70.63,12.7,16.67,False,True
2026-04-08,RED,5.0,3,70.63,12.7,16.67,False,True
2026-04-09,RED,3.0,3,70.63,12.7,16.67,False,True
2026-04-10,RED,0.0,3,70.63,12.7,16.67,False,False
2026-04-13,YELLOW,0.0,2,70.63,13.1,16.27,False,False
2026-04-14,GREEN,0.0,1,71.03,13.1,15.87,False,False
2026-04-15,GREEN,0.0,1,71.43,13.1,15.48,False,False
2026-04-16,GREEN,0.0,1,71.83,13.1,15.08,False,False
2026-04-17,GREEN,0.0,1,72.22,13.1,14.68,False,False
2026-04-20,GREEN,0.0,1,72.62,13.1,14.29,False,False
2026-04-21,GREEN,0.0,1,73.02,13.1,13.89,False,False
2026-04-22,GREEN,0.0,1,73.41,13.1,13.49,False,False
2026-04-23,GREEN,0.0,1,73.81,13.1,13.1,False,False
2026-04-24,GREEN,0.0,1,74.21,13.1,12.7,False,False
2026-04-27,GREEN,0.0,1,74.6,13.1,12.3,False,False
2026-04-28,GREEN,0.0,1,75.0,13.1,11.9,False,False
2026-04-29,GREEN,0.0,1,75.4,13.1,11.51,False,False
2026-04-30,GREEN,0.0,1,75.79,13.1,11.11,False,False
2026-05-01,GREEN,0.0,1,76.19,13.1,10.71,False,False
2026-05-04,GREEN,0.0,1,76.59,13.1,10.32,False,False
2026-05-05,GREEN,0.0,1,76.98,12.7,10.32,False,False
2026-05-06,GREEN,0.0,1,77.38,12.3,10.32,False,False
2026-05-07,GREEN,0.0,1,77.78,11.9,10.32,False,False
2026-05-08,GREEN,0.0,1,78.17,11.51,10.32,False,False
2026-05-11,GREEN,0.0,1,78.57,11.11,10.32,False,False
2026-05-12,GREEN,0.0,1,78.97,10.71,10.32,False,False
2026-05-13,GREEN,0.0,1,79.37,10.32,10.32,False,False
2026-05-14,GREEN,0.0,1,79.76,9.92,10.32,False,False
2026-05-15,GREEN,0.0,1,79.76,9.92,10.32,False,False
2026-05-18,GREEN,0.0,1,79.76,9.92,10.32,False,False
2026-05-19,GREEN,0.0,1,79.76,9.92,10.32,False,False
2026-05-20,GREEN,0.0,1,79.76,9.92,10.32,False,False
2026-05-21,GREEN,0.0,1,79.76,9.92,10.32,False,False
2026-05-22,GREEN,0.0,1,79.76,9.92,10.32,False,False
2026-05-25,GREEN,0.0,1,79.76,9.92,10.32,False,False
2026-05-26,GREEN,0.0,1,79.76,9.92,10.32,False,False
2026-05-27,GREEN,0.0,1,79.76,9.92,10.32,False,False
2026-05-28,GREEN,0.0,1,79.76,9.92,10.32,False,False
2026-05-29,GREEN,0.0,1,79.76,9.92,10.32,False,False
2026-06-01,GREEN,0.0,1,79.76,9.92,10.32,False,False
2026-06-02,GREEN,0.0,1,79.76,9.92,10.32,False,False
2026-06-03,GREEN,0.0,1,79.76,9.92,10.32,False,False
2026-06-04,GREEN,0.0,1,79.76,9.92,10.32,False,False
2026-06-05,GREEN,1.0,1,79.76,9.92,10.32,False,False
2026-06-08,GREEN,1.0,1,79.76,9.92,10.32,False,False
2026-06-09,GREEN,1.0,1,79.76,9.92,10.32,False,False
2026-06-10,GREEN,1.0,1,79.76,9.92,10.32,False,False
2026-06-11,GREEN,1.0,1,79.76,9.92,10.32,False,False
2026-06-12,GREEN,1.0,1,79.76,9.92,10.32,False,False
2026-06-15,GREEN,0.0,1,79.76,9.92,10.32,False,False
2026-06-16,GREEN,0.0,1,79.76,9.92,10.32,False,False
2026-06-17,GREEN,0.0,1,79.76,9.92,10.32,False,False
2026-06-18,GREEN,0.0,1,79.76,9.92,10.32,False,False
2026-06-19,GREEN,0.0,1,79.76,9.92,10.32,False,False
2026-06-22,GREEN,1.0,1,79.76,9.92,10.32,False,False
2026-06-23,GREEN,1.0,1,79.76,9.92,10.32,False,False
2026-06-24,GREEN,1.0,1,79.76,9.92,10.32,False,False
2026-06-25,GREEN,1.0,1,79.76,9.92,10.32,False,False
2026-06-26,GREEN,1.0,1,79.76,9.92,10.32,False,False
